,name,price,point,home_team,away_team,bookmakers.title,commence_time,price1,point1,price2,point2
0,Over,1.88,146.0,Army Knights,Lehigh Mountain Hawks,Barstool Sportsbook,2022-01-07T22:00:00Z,1.88,143.5,1.92,144.0
1,Under,1.93,146.0,Army Knights,Lehigh Mountain Hawks,Barstool Sportsbook,2022-01-07T22:00:00Z,1.93,143.5,1.89,144.0
2,Over,1.91,145.5,Army Knights,Lehigh Mountain Hawks,BetMGM,2022-01-07T22:00:00Z,1.91,143.5,1.91,143.5
3,Under,1.91,145.5,Army Knights,Lehigh Mountain Hawks,BetMGM,2022-01-07T22:00:00Z,1.91,143.5,1.91,143.5
4,Over,1.88,146.0,Army Knights,Lehigh Mountain Hawks,BetRivers,2022-01-07T22:00:00Z,1.88,143.5,1.92,144.0
5,Under,1.93,146.0,Army Knights,Lehigh Mountain Hawks,BetRivers,2022-01-07T22:00:00Z,1.93,143.5,1.89,144.0
6,Over,1.91,146.0,Army Knights,Lehigh Mountain Hawks,BetUS,2022-01-07T22:00:00Z,1.91,144.0,1.91,145.0
7,Under,1.91,146.0,Army Knights,Lehigh Mountain Hawks,BetUS,2022-01-07T22:00:00Z,1.91,144.0,1.91,145.0
8,Over,1.91,145.5,Army Knights,Lehigh Mountain Hawks,Bovada,2022-01-07T22:00:00Z,1.95,144.0,1.95,144.0
9,Under,1.91,145.5,Army Knights,Lehigh Mountain Hawks,Bovada,2022-01-07T22:00:00Z,1.87,144.0,1.87,144.0
10,Over,1.91,146.0,Army Knights,Lehigh Mountain Hawks,FOX Bet,2022-01-07T22:00:00Z,1.91,144.5,1.91,144.5
11,Under,1.91,146.0,Army Knights,Lehigh Mountain Hawks,FOX Bet,2022-01-07T22:00:00Z,1.91,144.5,1.91,144.5
12,Over,1.94,146.5,Army Knights,Lehigh Mountain Hawks,FanDuel,2022-01-07T22:00:00Z,1.91,144.5,1.91,144.5
13,Under,1.88,146.5,Army Knights,Lehigh Mountain Hawks,FanDuel,2022-01-07T22:00:00Z,1.91,144.5,1.91,144.5
14,Over,1.96,146.5,Army Knights,Lehigh Mountain Hawks,GTbets,2022-01-07T22:00:00Z,1.92,144.0,1.92,144.0
15,Under,1.88,146.5,Army Knights,Lehigh Mountain Hawks,GTbets,2022-01-07T22:00:00Z,1.92,144.0,1.92,144.0
16,Over,1.88,146.0,Army Knights,Lehigh Mountain Hawks,SugarHouse,2022-01-07T22:00:00Z,1.91,144.0,1.91,144.0
17,Under,1.93,146.0,Army Knights,Lehigh Mountain Hawks,SugarHouse,2022-01-07T22:00:00Z,1.91,144.0,1.91,144.0
18,Over,1.88,146.0,Army Knights,Lehigh Mountain Hawks,TwinSpires,2022-01-07T22:00:00Z,1.88,143.5,1.92,144.0
19,Under,1.93,146.0,Army Knights,Lehigh Mountain Hawks,TwinSpires,2022-01-07T22:00:00Z,1.93,143.5,1.89,144.0
20,Over,1.85,146.0,Army Knights,Lehigh Mountain Hawks,Unibet,2022-01-07T22:00:00Z,1.88,143.5,1.92,144.0
21,Under,1.89,146.0,Army Knights,Lehigh Mountain Hawks,Unibet,2022-01-07T22:00:00Z,1.93,143.5,1.89,144.0
22,Over,1.91,145.0,Army Knights,Lehigh Mountain Hawks,William Hill (US),2022-01-07T22:00:00Z,1.85,143.5,1.88,144.0
23,Under,1.91,145.0,Army Knights,Lehigh Mountain Hawks,William Hill (US),2022-01-07T22:00:00Z,1.89,143.5,1.86,144.0
24,Over,1.91,134.5,Boston Univ. Terriers,Loyola (MD) Greyhounds,BetMGM,2022-01-07T22:00:00Z,1.91,144.0,1.91,144.0
25,Under,1.91,134.5,Boston Univ. Terriers,Loyola (MD) Greyhounds,BetMGM,2022-01-07T22:00:00Z,1.91,144.0,1.91,144.0
26,Over,1.91,134.5,Boston Univ. Terriers,Loyola (MD) Greyhounds,BetUS,2022-01-07T22:00:00Z,1.91,144.0,1.91,144.0
27,Under,1.91,134.5,Boston Univ. Terriers,Loyola (MD) Greyhounds,BetUS,2022-01-07T22:00:00Z,1.91,144.0,1.91,144.0
28,Over,1.91,134.5,Boston Univ. Terriers,Loyola (MD) Greyhounds,Bovada,2022-01-07T22:00:00Z,1.91,135.5,1.91,134.5
29,Under,1.91,134.5,Boston Univ. Terriers,Loyola (MD) Greyhounds,Bovada,2022-01-07T22:00:00Z,1.91,135.5,1.91,134.5
30,Over,1.91,134.5,Boston Univ. Terriers,Loyola (MD) Greyhounds,DraftKings,2022-01-07T22:00:00Z,1.91,134.5,1.91,134.5
31,Under,1.91,134.5,Boston Univ. Terriers,Loyola (MD) Greyhounds,DraftKings,2022-01-07T22:00:00Z,1.91,134.5,1.91,134.5
32,Over,1.91,134.5,Boston Univ. Terriers,Loyola (MD) Greyhounds,FOX Bet,2022-01-07T22:00:00Z,1.91,134.5,1.91,134.5
33,Under,1.91,134.5,Boston Univ. Terriers,Loyola (MD) Greyhounds,FOX Bet,2022-01-07T22:00:00Z,1.91,134.5,1.91,134.5
34,Over,1.91,134.5,Boston Univ. Terriers,Loyola (MD) Greyhounds,FanDuel,2022-01-07T22:00:00Z,1.95,135.5,1.91,134.5
35,Under,1.91,134.5,Boston Univ. Terriers,Loyola (MD) Greyhounds,FanDuel,2022-01-07T22:00:00Z,1.87,135.5,1.91,134.5
36,Over,1.92,134.5,Boston Univ. Terriers,Loyola (MD) Greyhounds,GTbets,2022-01-07T22:00:00Z,1.85,135.0,1.85,135.0
37,Under,1.92,134.5,Boston Univ. Terriers,Loyola (MD) Greyhounds,GTbets,2022-01-07T22:00:00Z,2.0,135.0,2.0,135.0
38,Over,1.86,134.0,Boston Univ. Terriers,Loyola (MD) Greyhounds,Unibet,2022-01-07T22:00:00Z,1.94,135.5,1.94,135.5
39,Under,1.88,134.0,Boston Univ. Terriers,Loyola (MD) Greyhounds,Unibet,2022-01-07T22:00:00Z,1.88,135.5,1.88,135.5
40,Over,1.91,134.5,Boston Univ. Terriers,Loyola (MD) Greyhounds,William Hill (US),2022-01-07T22:00:00Z,1.92,134.5,1.92,134.5
41,Under,1.91,134.5,Boston Univ. Terriers,Loyola (MD) Greyhounds,William Hill (US),2022-01-07T22:00:00Z,1.92,134.5,1.92,134.5
42,Over,1.88,130.0,Butler Bulldogs,Xavier Musketeers,Barstool Sportsbook,2022-01-08T01:30:00Z,1.91,134.5,1.91,134.5
43,Under,1.93,130.0,Butler Bulldogs,Xavier Musketeers,Barstool Sportsbook,2022-01-08T01:30:00Z,1.91,134.5,1.91,134.5
44,Over,1.91,130.5,Butler Bulldogs,Xavier Musketeers,BetMGM,2022-01-08T01:30:00Z,1.86,135.0,1.86,135.0
45,Under,1.91,130.5,Butler Bulldogs,Xavier Musketeers,BetMGM,2022-01-08T01:30:00Z,1.88,135.0,1.88,135.0
46,Over,1.93,131.5,Butler Bulldogs,Xavier Musketeers,BetRivers,2022-01-08T01:30:00Z,1.91,134.5,1.91,134.5
47,Under,1.88,131.5,Butler Bulldogs,Xavier Musketeers,BetRivers,2022-01-08T01:30:00Z,1.91,134.5,1.91,134.5
48,Over,1.91,131.5,Butler Bulldogs,Xavier Musketeers,BetUS,2022-01-08T01:30:00Z,1.91,134.5,1.91,134.5
49,Under,1.91,131.5,Butler Bulldogs,Xavier Musketeers,BetUS,2022-01-08T01:30:00Z,1.91,134.5,1.91,134.5
50,Over,1.91,131.0,Butler Bulldogs,Xavier Musketeers,Bovada,2022-01-08T01:30:00Z,1.89,131.0,1.89,131.0
51,Under,1.91,131.0,Butler Bulldogs,Xavier Musketeers,Bovada,2022-01-08T01:30:00Z,1.93,131.0,1.93,131.0
52,Over,1.91,130.5,Butler Bulldogs,Xavier Musketeers,DraftKings,2022-01-08T01:30:00Z,1.91,131.5,1.91,130.5
53,Under,1.91,130.5,Butler Bulldogs,Xavier Musketeers,DraftKings,2022-01-08T01:30:00Z,1.91,131.5,1.91,130.5
54,Over,1.91,131.5,Butler Bulldogs,Xavier Musketeers,FanDuel,2022-01-08T01:30:00Z,1.89,131.0,1.89,131.0
55,Under,1.91,131.5,Butler Bulldogs,Xavier Musketeers,FanDuel,2022-01-08T01:30:00Z,1.93,131.0,1.93,131.0
56,Over,1.92,130.5,Butler Bulldogs,Xavier Musketeers,GTbets,2022-01-08T01:30:00Z,1.91,132.0,1.91,130.5
57,Under,1.92,130.5,Butler Bulldogs,Xavier Musketeers,GTbets,2022-01-08T01:30:00Z,1.91,132.0,1.91,130.5
58,Over,1.91,131.5,Butler Bulldogs,Xavier Musketeers,PointsBet (US),2022-01-08T01:30:00Z,1.91,131.5,1.91,130.5
59,Under,1.91,131.5,Butler Bulldogs,Xavier Musketeers,PointsBet (US),2022-01-08T01:30:00Z,1.91,131.5,1.91,130.5
60,Over,1.93,131.5,Butler Bulldogs,Xavier Musketeers,SugarHouse,2022-01-08T01:30:00Z,1.87,131.5,1.91,131.0
61,Under,1.88,131.5,Butler Bulldogs,Xavier Musketeers,SugarHouse,2022-01-08T01:30:00Z,1.95,131.5,1.91,131.0
62,Over,1.9,131.5,Butler Bulldogs,Xavier Musketeers,Unibet,2022-01-08T01:30:00Z,1.91,131.5,1.83,130.0
63,Under,1.85,131.5,Butler Bulldogs,Xavier Musketeers,Unibet,2022-01-08T01:30:00Z,1.91,131.5,1.98,130.0
64,Over,1.91,131.5,Butler Bulldogs,Xavier Musketeers,William Hill (US),2022-01-08T01:30:00Z,1.92,132.0,1.92,130.5
65,Under,1.91,131.5,Butler Bulldogs,Xavier Musketeers,William Hill (US),2022-01-08T01:30:00Z,1.92,132.0,1.92,130.5
66,Over,1.91,131.5,Butler Bulldogs,Xavier Musketeers,WynnBET,2022-01-08T01:30:00Z,1.91,131.5,1.91,130.5
67,Under,1.91,131.5,Butler Bulldogs,Xavier Musketeers,WynnBET,2022-01-08T01:30:00Z,1.91,131.5,1.91,130.5
68,Over,1.93,139.0,Detroit Mercy Titans,Milwaukee Panthers,Barstool Sportsbook,2022-01-08T00:00:00Z,1.89,131.0,1.89,131.0
69,Under,1.89,139.0,Detroit Mercy Titans,Milwaukee Panthers,Barstool Sportsbook,2022-01-08T00:00:00Z,1.93,131.0,1.93,131.0
70,Over,1.91,138.5,Detroit Mercy Titans,Milwaukee Panthers,BetMGM,2022-01-08T00:00:00Z,1.89,131.0,1.89,131.0
71,Under,1.91,138.5,Detroit Mercy Titans,Milwaukee Panthers,BetMGM,2022-01-08T00:00:00Z,1.93,131.0,1.93,131.0
72,Over,1.93,139.0,Detroit Mercy Titans,Milwaukee Panthers,BetRivers,2022-01-08T00:00:00Z,1.86,131.0,1.86,131.0
73,Under,1.89,139.0,Detroit Mercy Titans,Milwaukee Panthers,BetRivers,2022-01-08T00:00:00Z,1.89,131.0,1.89,131.0
74,Over,1.91,138.5,Detroit Mercy Titans,Milwaukee Panthers,BetUS,2022-01-08T00:00:00Z,1.91,131.5,1.91,131.0
75,Under,1.91,138.5,Detroit Mercy Titans,Milwaukee Panthers,BetUS,2022-01-08T00:00:00Z,1.91,131.5,1.91,131.0
76,Over,1.95,139.0,Detroit Mercy Titans,Milwaukee Panthers,DraftKings,2022-01-08T00:00:00Z,1.91,131.5,1.91,130.5
77,Under,1.87,139.0,Detroit Mercy Titans,Milwaukee Panthers,DraftKings,2022-01-08T00:00:00Z,1.91,131.5,1.91,130.5
78,Over,1.91,138.5,Detroit Mercy Titans,Milwaukee Panthers,FOX Bet,2022-01-08T00:00:00Z,1.93,139.0,1.93,136.5
79,Under,1.91,138.5,Detroit Mercy Titans,Milwaukee Panthers,FOX Bet,2022-01-08T00:00:00Z,1.89,139.0,1.88,136.5
80,Over,1.91,138.5,Detroit Mercy Titans,Milwaukee Panthers,FanDuel,2022-01-08T00:00:00Z,1.91,138.5,1.91,136.5
81,Under,1.91,138.5,Detroit Mercy Titans,Milwaukee Panthers,FanDuel,2022-01-08T00:00:00Z,1.91,138.5,1.91,136.5
82,Over,1.92,138.5,Detroit Mercy Titans,Milwaukee Panthers,GTbets,2022-01-08T00:00:00Z,1.93,139.0,1.93,136.5
83,Under,1.92,138.5,Detroit Mercy Titans,Milwaukee Panthers,GTbets,2022-01-08T00:00:00Z,1.89,139.0,1.88,136.5
84,Over,1.87,138.5,Detroit Mercy Titans,Milwaukee Panthers,PointsBet (US),2022-01-08T00:00:00Z,1.91,138.5,1.91,136.5
85,Under,1.95,138.5,Detroit Mercy Titans,Milwaukee Panthers,PointsBet (US),2022-01-08T00:00:00Z,1.91,138.5,1.91,136.5
86,Over,1.93,139.0,Detroit Mercy Titans,Milwaukee Panthers,SugarHouse,2022-01-08T00:00:00Z,2.0,139.5,1.91,137.5
87,Under,1.89,139.0,Detroit Mercy Titans,Milwaukee Panthers,SugarHouse,2022-01-08T00:00:00Z,1.83,139.5,1.91,137.5
88,Over,1.93,139.0,Detroit Mercy Titans,Milwaukee Panthers,TwinSpires,2022-01-08T00:00:00Z,1.91,138.5,1.91,137.0
89,Under,1.89,139.0,Detroit Mercy Titans,Milwaukee Panthers,TwinSpires,2022-01-08T00:00:00Z,1.91,138.5,1.91,137.0
90,Over,1.89,139.0,Detroit Mercy Titans,Milwaukee Panthers,Unibet,2022-01-08T00:00:00Z,1.91,138.5,1.87,136.5
91,Under,1.86,139.0,Detroit Mercy Titans,Milwaukee Panthers,Unibet,2022-01-08T00:00:00Z,1.91,138.5,1.95,136.5
92,Over,1.91,138.5,Detroit Mercy Titans,Milwaukee Panthers,William Hill (US),2022-01-08T00:00:00Z,1.92,138.5,1.92,136.5
93,Under,1.91,138.5,Detroit Mercy Titans,Milwaukee Panthers,William Hill (US),2022-01-08T00:00:00Z,1.92,138.5,1.92,136.5
94,Over,1.87,138.5,Detroit Mercy Titans,Milwaukee Panthers,WynnBET,2022-01-08T00:00:00Z,1.87,138.5,1.91,136.5
95,Under,1.95,138.5,Detroit Mercy Titans,Milwaukee Panthers,WynnBET,2022-01-08T00:00:00Z,1.95,138.5,1.91,136.5
96,Over,1.93,133.5,Fairfield Stags,Marist Red Foxes,Barstool Sportsbook,2022-01-08T00:00:00Z,1.93,139.0,1.93,136.5
97,Under,1.88,133.5,Fairfield Stags,Marist Red Foxes,Barstool Sportsbook,2022-01-08T00:00:00Z,1.89,139.0,1.88,136.5
98,Over,1.91,131.5,Fairfield Stags,Marist Red Foxes,BetMGM,2022-01-08T00:00:00Z,1.93,139.0,1.93,136.5
99,Under,1.91,131.5,Fairfield Stags,Marist Red Foxes,BetMGM,2022-01-08T00:00:00Z,1.89,139.0,1.88,136.5
100,Over,1.93,133.5,Fairfield Stags,Marist Red Foxes,BetRivers,2022-01-08T00:00:00Z,1.89,139.0,1.89,136.5
101,Under,1.88,133.5,Fairfield Stags,Marist Red Foxes,BetRivers,2022-01-08T00:00:00Z,1.86,139.0,1.85,136.5
102,Over,1.91,133.0,Fairfield Stags,Marist Red Foxes,BetUS,2022-01-08T00:00:00Z,1.91,138.5,1.91,136.5
103,Under,1.91,133.0,Fairfield Stags,Marist Red Foxes,BetUS,2022-01-08T00:00:00Z,1.91,138.5,1.91,136.5
104,Over,1.95,132.5,Fairfield Stags,Marist Red Foxes,Bovada,2022-01-08T00:00:00Z,1.87,138.5,1.91,136.5
105,Under,1.87,132.5,Fairfield Stags,Marist Red Foxes,Bovada,2022-01-08T00:00:00Z,1.95,138.5,1.91,136.5
106,Over,1.91,132.0,Fairfield Stags,Marist Red Foxes,DraftKings,2022-01-08T00:00:00Z,1.93,133.5,1.93,134.5
107,Under,1.91,132.0,Fairfield Stags,Marist Red Foxes,DraftKings,2022-01-08T00:00:00Z,1.89,133.5,1.89,134.5
108,Over,1.85,132.0,Fairfield Stags,Marist Red Foxes,FOX Bet,2022-01-08T00:00:00Z,1.91,133.5,1.91,135.5
109,Under,2.0,132.0,Fairfield Stags,Marist Red Foxes,FOX Bet,2022-01-08T00:00:00Z,1.91,133.5,1.91,135.5
110,Over,1.94,132.5,Fairfield Stags,Marist Red Foxes,FanDuel,2022-01-08T00:00:00Z,1.93,133.5,1.93,134.5
111,Under,1.88,132.5,Fairfield Stags,Marist Red Foxes,FanDuel,2022-01-08T00:00:00Z,1.89,133.5,1.89,134.5
112,Over,1.92,132.0,Fairfield Stags,Marist Red Foxes,GTbets,2022-01-08T00:00:00Z,1.91,133.0,1.91,135.0
113,Under,1.92,132.0,Fairfield Stags,Marist Red Foxes,GTbets,2022-01-08T00:00:00Z,1.91,133.0,1.91,135.0
114,Over,1.91,132.0,Fairfield Stags,Marist Red Foxes,PointsBet (US),2022-01-08T00:00:00Z,1.87,134.0,1.91,136.0
115,Under,1.91,132.0,Fairfield Stags,Marist Red Foxes,PointsBet (US),2022-01-08T00:00:00Z,1.95,134.0,1.91,136.0
116,Over,1.93,133.5,Fairfield Stags,Marist Red Foxes,SugarHouse,2022-01-08T00:00:00Z,1.91,133.5,1.91,135.5
117,Under,1.88,133.5,Fairfield Stags,Marist Red Foxes,SugarHouse,2022-01-08T00:00:00Z,1.91,133.5,1.91,135.5
118,Over,1.93,133.5,Fairfield Stags,Marist Red Foxes,TwinSpires,2022-01-08T00:00:00Z,1.91,133.0,1.91,135.0
119,Under,1.88,133.5,Fairfield Stags,Marist Red Foxes,TwinSpires,2022-01-08T00:00:00Z,1.91,133.0,1.91,135.0
120,Over,1.89,133.5,Fairfield Stags,Marist Red Foxes,Unibet,2022-01-08T00:00:00Z,1.85,133.5,1.85,135.5
121,Under,1.85,133.5,Fairfield Stags,Marist Red Foxes,Unibet,2022-01-08T00:00:00Z,1.96,133.5,1.96,135.5
122,Over,1.91,132.0,Fairfield Stags,Marist Red Foxes,William Hill (US),2022-01-08T00:00:00Z,1.92,133.5,1.92,135.0
123,Under,1.91,132.0,Fairfield Stags,Marist Red Foxes,William Hill (US),2022-01-08T00:00:00Z,1.92,133.5,1.92,135.0
124,Over,1.91,132.0,Fairfield Stags,Marist Red Foxes,WynnBET,2022-01-08T00:00:00Z,1.91,133.5,1.91,135.5
125,Under,1.91,132.0,Fairfield Stags,Marist Red Foxes,WynnBET,2022-01-08T00:00:00Z,1.91,133.5,1.91,135.5
126,Over,1.91,153.0,Georgetown Hoyas,Marquette Golden Eagles,Barstool Sportsbook,2022-01-07T23:30:00Z,1.93,133.5,1.93,134.5
127,Under,1.92,153.0,Georgetown Hoyas,Marquette Golden Eagles,Barstool Sportsbook,2022-01-07T23:30:00Z,1.89,133.5,1.89,134.5
128,Over,1.91,153.5,Georgetown Hoyas,Marquette Golden Eagles,BetMGM,2022-01-07T23:30:00Z,1.93,133.5,1.93,134.5
129,Under,1.91,153.5,Georgetown Hoyas,Marquette Golden Eagles,BetMGM,2022-01-07T23:30:00Z,1.89,133.5,1.89,134.5
130,Over,1.91,153.0,Georgetown Hoyas,Marquette Golden Eagles,BetRivers,2022-01-07T23:30:00Z,1.89,133.5,1.89,134.5
131,Under,1.92,153.0,Georgetown Hoyas,Marquette Golden Eagles,BetRivers,2022-01-07T23:30:00Z,1.85,133.5,1.85,134.5
132,Over,1.91,153.0,Georgetown Hoyas,Marquette Golden Eagles,BetUS,2022-01-07T23:30:00Z,1.91,133.5,1.91,135.5
133,Under,1.91,153.0,Georgetown Hoyas,Marquette Golden Eagles,BetUS,2022-01-07T23:30:00Z,1.91,133.5,1.91,135.5
134,Over,1.91,153.0,Georgetown Hoyas,Marquette Golden Eagles,Bovada,2022-01-07T23:30:00Z,1.91,133.5,1.91,135.5
135,Under,1.91,153.0,Georgetown Hoyas,Marquette Golden Eagles,Bovada,2022-01-07T23:30:00Z,1.91,133.5,1.91,135.5
136,Over,1.91,153.0,Georgetown Hoyas,Marquette Golden Eagles,DraftKings,2022-01-07T23:30:00Z,1.91,153.0,1.91,153.0
137,Under,1.91,153.0,Georgetown Hoyas,Marquette Golden Eagles,DraftKings,2022-01-07T23:30:00Z,1.92,153.0,1.92,153.0
138,Over,1.91,153.0,Georgetown Hoyas,Marquette Golden Eagles,FOX Bet,2022-01-07T23:30:00Z,1.91,153.5,1.91,153.5
139,Under,1.91,153.0,Georgetown Hoyas,Marquette Golden Eagles,FOX Bet,2022-01-07T23:30:00Z,1.91,153.5,1.91,153.5
140,Over,1.91,153.0,Georgetown Hoyas,Marquette Golden Eagles,FanDuel,2022-01-07T23:30:00Z,1.91,153.0,1.91,153.0
141,Under,1.91,153.0,Georgetown Hoyas,Marquette Golden Eagles,FanDuel,2022-01-07T23:30:00Z,1.92,153.0,1.92,153.0
142,Over,1.92,153.0,Georgetown Hoyas,Marquette Golden Eagles,GTbets,2022-01-07T23:30:00Z,1.91,153.0,1.91,153.0
143,Under,1.92,153.0,Georgetown Hoyas,Marquette Golden Eagles,GTbets,2022-01-07T23:30:00Z,1.91,153.0,1.91,153.0
144,Over,1.91,153.0,Georgetown Hoyas,Marquette Golden Eagles,PointsBet (US),2022-01-07T23:30:00Z,1.91,152.5,1.91,152.5
145,Under,1.91,153.0,Georgetown Hoyas,Marquette Golden Eagles,PointsBet (US),2022-01-07T23:30:00Z,1.91,152.5,1.91,152.5
146,Over,1.91,153.0,Georgetown Hoyas,Marquette Golden Eagles,SugarHouse,2022-01-07T23:30:00Z,1.83,152.5,2.0,154.0
147,Under,1.92,153.0,Georgetown Hoyas,Marquette Golden Eagles,SugarHouse,2022-01-07T23:30:00Z,2.0,152.5,1.83,154.0
148,Over,1.91,153.0,Georgetown Hoyas,Marquette Golden Eagles,TwinSpires,2022-01-07T23:30:00Z,1.91,153.0,1.91,153.0
149,Under,1.92,153.0,Georgetown Hoyas,Marquette Golden Eagles,TwinSpires,2022-01-07T23:30:00Z,1.91,153.0,1.91,153.0
150,Over,1.87,153.0,Georgetown Hoyas,Marquette Golden Eagles,Unibet,2022-01-07T23:30:00Z,1.89,152.5,1.89,152.5
151,Under,1.88,153.0,Georgetown Hoyas,Marquette Golden Eagles,Unibet,2022-01-07T23:30:00Z,1.93,152.5,1.93,152.5
152,Over,1.91,153.0,Georgetown Hoyas,Marquette Golden Eagles,William Hill (US),2022-01-07T23:30:00Z,1.92,153.0,1.92,153.0
153,Under,1.91,153.0,Georgetown Hoyas,Marquette Golden Eagles,William Hill (US),2022-01-07T23:30:00Z,1.92,153.0,1.92,153.0
154,Over,1.91,153.0,Georgetown Hoyas,Marquette Golden Eagles,WynnBET,2022-01-07T23:30:00Z,1.87,153.0,1.87,153.0
155,Under,1.91,153.0,Georgetown Hoyas,Marquette Golden Eagles,WynnBET,2022-01-07T23:30:00Z,1.95,153.0,1.95,153.0
156,Over,1.92,139.5,Harvard Crimson,Brown Bears,Barstool Sportsbook,2022-01-08T00:00:00Z,1.91,153.0,1.91,153.0
157,Under,1.88,139.5,Harvard Crimson,Brown Bears,Barstool Sportsbook,2022-01-08T00:00:00Z,1.92,153.0,1.92,153.0
158,Over,1.92,139.5,Harvard Crimson,Brown Bears,BetRivers,2022-01-08T00:00:00Z,1.91,153.0,1.91,153.0
159,Under,1.88,139.5,Harvard Crimson,Brown Bears,BetRivers,2022-01-08T00:00:00Z,1.92,153.0,1.92,153.0
160,Over,1.91,139.0,Harvard Crimson,Brown Bears,BetUS,2022-01-08T00:00:00Z,1.87,153.0,1.87,153.0
161,Under,1.91,139.0,Harvard Crimson,Brown Bears,BetUS,2022-01-08T00:00:00Z,1.88,153.0,1.88,153.0
162,Over,1.91,139.0,Harvard Crimson,Brown Bears,Bovada,2022-01-08T00:00:00Z,1.91,153.0,1.91,153.0
163,Under,1.91,139.0,Harvard Crimson,Brown Bears,Bovada,2022-01-08T00:00:00Z,1.91,153.0,1.91,153.0
164,Over,1.83,138.5,Harvard Crimson,Brown Bears,DraftKings,2022-01-08T00:00:00Z,1.87,153.0,1.87,153.0
165,Under,2.0,138.5,Harvard Crimson,Brown Bears,DraftKings,2022-01-08T00:00:00Z,1.95,153.0,1.95,153.0
166,Over,1.91,139.5,Harvard Crimson,Brown Bears,FOX Bet,2022-01-08T00:00:00Z,1.93,139.5,1.93,139.5
167,Under,1.91,139.5,Harvard Crimson,Brown Bears,FOX Bet,2022-01-08T00:00:00Z,1.89,139.5,1.89,139.5
168,Over,1.91,139.5,Harvard Crimson,Brown Bears,FanDuel,2022-01-08T00:00:00Z,1.93,139.5,1.93,139.5
169,Under,1.89,139.5,Harvard Crimson,Brown Bears,FanDuel,2022-01-08T00:00:00Z,1.89,139.5,1.89,139.5
170,Over,1.92,139.0,Harvard Crimson,Brown Bears,GTbets,2022-01-08T00:00:00Z,1.95,139.5,1.91,139.0
171,Under,1.92,139.0,Harvard Crimson,Brown Bears,GTbets,2022-01-08T00:00:00Z,1.87,139.5,1.91,139.0
172,Over,1.91,139.0,Harvard Crimson,Brown Bears,PointsBet (US),2022-01-08T00:00:00Z,1.91,139.5,1.91,139.5
173,Under,1.91,139.0,Harvard Crimson,Brown Bears,PointsBet (US),2022-01-08T00:00:00Z,1.91,139.5,1.91,139.5
174,Over,1.92,139.5,Harvard Crimson,Brown Bears,SugarHouse,2022-01-08T00:00:00Z,1.95,139.5,1.83,138.5
175,Under,1.88,139.5,Harvard Crimson,Brown Bears,SugarHouse,2022-01-08T00:00:00Z,1.87,139.5,2.0,138.5
176,Over,1.92,139.5,Harvard Crimson,Brown Bears,TwinSpires,2022-01-08T00:00:00Z,1.91,139.5,1.91,139.5
177,Under,1.88,139.5,Harvard Crimson,Brown Bears,TwinSpires,2022-01-08T00:00:00Z,1.91,139.5,1.91,139.5
178,Over,1.89,139.5,Harvard Crimson,Brown Bears,Unibet,2022-01-08T00:00:00Z,1.91,139.5,1.91,139.5
179,Under,1.86,139.5,Harvard Crimson,Brown Bears,Unibet,2022-01-08T00:00:00Z,1.89,139.5,1.89,139.5
180,Over,1.91,139.0,Harvard Crimson,Brown Bears,William Hill (US),2022-01-08T00:00:00Z,1.96,139.5,1.92,139.0
181,Under,1.91,139.0,Harvard Crimson,Brown Bears,William Hill (US),2022-01-08T00:00:00Z,1.88,139.5,1.92,139.0
182,Over,1.91,139.0,Harvard Crimson,Brown Bears,WynnBET,2022-01-08T00:00:00Z,1.91,139.0,1.87,139.0
183,Under,1.91,139.0,Harvard Crimson,Brown Bears,WynnBET,2022-01-08T00:00:00Z,1.91,139.0,1.95,139.0
184,Over,1.92,138.5,Holy Cross Crusaders,Lafayette Leopards,Barstool Sportsbook,2022-01-08T00:00:00Z,1.93,139.5,1.93,139.5
185,Under,1.88,138.5,Holy Cross Crusaders,Lafayette Leopards,Barstool Sportsbook,2022-01-08T00:00:00Z,1.89,139.5,1.89,139.5
186,Over,1.91,137.5,Holy Cross Crusaders,Lafayette Leopards,BetMGM,2022-01-08T00:00:00Z,1.93,139.5,1.93,139.5
187,Under,1.91,137.5,Holy Cross Crusaders,Lafayette Leopards,BetMGM,2022-01-08T00:00:00Z,1.89,139.5,1.89,139.5
188,Over,1.92,138.5,Holy Cross Crusaders,Lafayette Leopards,BetRivers,2022-01-08T00:00:00Z,1.89,139.5,1.89,139.5
189,Under,1.88,138.5,Holy Cross Crusaders,Lafayette Leopards,BetRivers,2022-01-08T00:00:00Z,1.86,139.5,1.86,139.5
190,Over,1.91,138.0,Holy Cross Crusaders,Lafayette Leopards,BetUS,2022-01-08T00:00:00Z,1.95,139.5,1.91,139.5
191,Under,1.91,138.0,Holy Cross Crusaders,Lafayette Leopards,BetUS,2022-01-08T00:00:00Z,1.87,139.5,1.91,139.5
192,Over,1.91,138.0,Holy Cross Crusaders,Lafayette Leopards,Bovada,2022-01-08T00:00:00Z,1.91,139.0,1.87,139.0
193,Under,1.91,138.0,Holy Cross Crusaders,Lafayette Leopards,Bovada,2022-01-08T00:00:00Z,1.91,139.0,1.95,139.0
194,Over,1.91,138.0,Holy Cross Crusaders,Lafayette Leopards,DraftKings,2022-01-08T00:00:00Z,1.93,136.5,1.93,136.5
195,Under,1.91,138.0,Holy Cross Crusaders,Lafayette Leopards,DraftKings,2022-01-08T00:00:00Z,1.88,136.5,1.88,136.5
196,Over,1.91,138.5,Holy Cross Crusaders,Lafayette Leopards,FOX Bet,2022-01-08T00:00:00Z,1.91,136.5,1.91,136.5
197,Under,1.91,138.5,Holy Cross Crusaders,Lafayette Leopards,FOX Bet,2022-01-08T00:00:00Z,1.91,136.5,1.91,136.5
198,Over,1.92,138.0,Holy Cross Crusaders,Lafayette Leopards,GTbets,2022-01-08T00:00:00Z,1.93,136.5,1.93,136.5
199,Under,1.92,138.0,Holy Cross Crusaders,Lafayette Leopards,GTbets,2022-01-08T00:00:00Z,1.88,136.5,1.88,136.5
200,Over,1.92,138.5,Holy Cross Crusaders,Lafayette Leopards,SugarHouse,2022-01-08T00:00:00Z,1.91,137.0,1.91,137.0
201,Under,1.88,138.5,Holy Cross Crusaders,Lafayette Leopards,SugarHouse,2022-01-08T00:00:00Z,1.91,137.0,1.91,137.0
202,Over,1.92,138.5,Holy Cross Crusaders,Lafayette Leopards,TwinSpires,2022-01-08T00:00:00Z,1.91,137.0,1.91,137.0
203,Under,1.88,138.5,Holy Cross Crusaders,Lafayette Leopards,TwinSpires,2022-01-08T00:00:00Z,1.91,137.0,1.91,137.0
204,Over,1.89,138.5,Holy Cross Crusaders,Lafayette Leopards,Unibet,2022-01-08T00:00:00Z,1.83,135.5,2.0,138.0
205,Under,1.86,138.5,Holy Cross Crusaders,Lafayette Leopards,Unibet,2022-01-08T00:00:00Z,2.0,135.5,1.83,138.0
206,Over,1.91,138.0,Holy Cross Crusaders,Lafayette Leopards,William Hill (US),2022-01-08T00:00:00Z,1.91,137.5,1.91,137.5
207,Under,1.91,138.0,Holy Cross Crusaders,Lafayette Leopards,William Hill (US),2022-01-08T00:00:00Z,1.91,137.5,1.91,137.5
208,Over,1.92,152.5,Houston Baptist Huskies,New Orleans Privateers,Barstool Sportsbook,2022-01-07T17:00:00Z,1.92,137.0,1.92,137.0
209,Under,1.91,152.5,Houston Baptist Huskies,New Orleans Privateers,Barstool Sportsbook,2022-01-07T17:00:00Z,1.92,137.0,1.92,137.0
210,Over,1.92,152.5,Houston Baptist Huskies,New Orleans Privateers,BetRivers,2022-01-07T17:00:00Z,1.91,137.0,1.91,137.0
211,Under,1.91,152.5,Houston Baptist Huskies,New Orleans Privateers,BetRivers,2022-01-07T17:00:00Z,1.91,137.0,1.91,137.0
212,Over,1.95,151.5,Houston Baptist Huskies,New Orleans Privateers,DraftKings,2022-01-07T17:00:00Z,1.93,136.5,1.93,136.5
213,Under,1.87,151.5,Houston Baptist Huskies,New Orleans Privateers,DraftKings,2022-01-07T17:00:00Z,1.88,136.5,1.88,136.5
214,Over,1.88,152.5,Houston Baptist Huskies,New Orleans Privateers,FanDuel,2022-01-07T17:00:00Z,1.93,136.5,1.93,136.5
215,Under,1.94,152.5,Houston Baptist Huskies,New Orleans Privateers,FanDuel,2022-01-07T17:00:00Z,1.88,136.5,1.88,136.5
216,Over,1.92,150.5,Houston Baptist Huskies,New Orleans Privateers,GTbets,2022-01-07T17:00:00Z,1.89,136.5,1.89,136.5
217,Under,1.92,150.5,Houston Baptist Huskies,New Orleans Privateers,GTbets,2022-01-07T17:00:00Z,1.85,136.5,1.85,136.5
218,Over,1.92,152.5,Houston Baptist Huskies,New Orleans Privateers,SugarHouse,2022-01-07T17:00:00Z,1.91,137.0,1.91,137.0
219,Under,1.91,152.5,Houston Baptist Huskies,New Orleans Privateers,SugarHouse,2022-01-07T17:00:00Z,1.91,137.0,1.91,137.0
220,Over,1.92,152.5,Houston Baptist Huskies,New Orleans Privateers,TwinSpires,2022-01-07T17:00:00Z,1.91,137.0,1.91,137.0
221,Under,1.91,152.5,Houston Baptist Huskies,New Orleans Privateers,TwinSpires,2022-01-07T17:00:00Z,1.91,137.0,1.91,137.0
222,Over,1.87,152.5,Houston Baptist Huskies,New Orleans Privateers,Unibet,2022-01-07T17:00:00Z,1.88,150.0,1.93,149.5
223,Under,1.87,152.5,Houston Baptist Huskies,New Orleans Privateers,Unibet,2022-01-07T17:00:00Z,1.93,150.0,1.88,149.5
224,Over,1.92,140.0,Navy Midshipmen,Bucknell Bison,Barstool Sportsbook,2022-01-08T00:00:00Z,1.88,150.0,1.93,149.5
225,Under,1.89,140.0,Navy Midshipmen,Bucknell Bison,Barstool Sportsbook,2022-01-08T00:00:00Z,1.93,150.0,1.88,149.5
226,Over,1.91,140.5,Navy Midshipmen,Bucknell Bison,BetMGM,2022-01-08T00:00:00Z,2.0,150.5,1.83,149.5
227,Under,1.91,140.5,Navy Midshipmen,Bucknell Bison,BetMGM,2022-01-08T00:00:00Z,1.83,150.5,2.0,149.5
228,Over,1.92,140.0,Navy Midshipmen,Bucknell Bison,BetRivers,2022-01-08T00:00:00Z,1.94,149.5,1.94,150.5
229,Under,1.89,140.0,Navy Midshipmen,Bucknell Bison,BetRivers,2022-01-08T00:00:00Z,1.88,149.5,1.88,150.5
230,Over,1.91,140.0,Navy Midshipmen,Bucknell Bison,BetUS,2022-01-08T00:00:00Z,1.92,150.0,1.84,149.5
231,Under,1.91,140.0,Navy Midshipmen,Bucknell Bison,BetUS,2022-01-08T00:00:00Z,1.92,150.0,2.01,149.5
232,Over,1.91,140.0,Navy Midshipmen,Bucknell Bison,Bovada,2022-01-08T00:00:00Z,1.91,149.5,1.87,150.0
233,Under,1.91,140.0,Navy Midshipmen,Bucknell Bison,Bovada,2022-01-08T00:00:00Z,1.91,149.5,1.95,150.0
234,Over,1.95,140.5,Navy Midshipmen,Bucknell Bison,DraftKings,2022-01-08T00:00:00Z,1.88,150.0,1.93,149.5
235,Under,1.87,140.5,Navy Midshipmen,Bucknell Bison,DraftKings,2022-01-08T00:00:00Z,1.93,150.0,1.88,149.5
236,Over,1.91,140.5,Navy Midshipmen,Bucknell Bison,FOX Bet,2022-01-08T00:00:00Z,1.88,150.0,1.93,149.5
237,Under,1.91,140.5,Navy Midshipmen,Bucknell Bison,FOX Bet,2022-01-08T00:00:00Z,1.93,150.0,1.88,149.5
238,Over,1.93,140.5,Navy Midshipmen,Bucknell Bison,FanDuel,2022-01-08T00:00:00Z,1.85,150.0,1.89,149.5
239,Under,1.89,140.5,Navy Midshipmen,Bucknell Bison,FanDuel,2022-01-08T00:00:00Z,1.9,150.0,1.85,149.5
240,Over,1.92,140.0,Navy Midshipmen,Bucknell Bison,GTbets,2022-01-08T00:00:00Z,1.91,149.5,1.83,150.5
241,Under,1.92,140.0,Navy Midshipmen,Bucknell Bison,GTbets,2022-01-08T00:00:00Z,1.91,149.5,1.91,150.5
242,Over,1.92,140.0,Navy Midshipmen,Bucknell Bison,SugarHouse,2022-01-08T00:00:00Z,1.93,139.5,1.87,150.0
243,Under,1.89,140.0,Navy Midshipmen,Bucknell Bison,SugarHouse,2022-01-08T00:00:00Z,1.88,139.5,1.95,150.0
244,Over,1.92,140.0,Navy Midshipmen,Bucknell Bison,TwinSpires,2022-01-08T00:00:00Z,1.91,139.5,1.93,139.5
245,Under,1.89,140.0,Navy Midshipmen,Bucknell Bison,TwinSpires,2022-01-08T00:00:00Z,1.91,139.5,1.88,139.5
246,Over,1.88,140.0,Navy Midshipmen,Bucknell Bison,Unibet,2022-01-08T00:00:00Z,1.93,139.5,1.91,139.5
247,Under,1.86,140.0,Navy Midshipmen,Bucknell Bison,Unibet,2022-01-08T00:00:00Z,1.88,139.5,1.91,139.5
248,Over,1.91,140.0,Navy Midshipmen,Bucknell Bison,William Hill (US),2022-01-08T00:00:00Z,1.91,139.5,1.93,139.5
249,Under,1.91,140.0,Navy Midshipmen,Bucknell Bison,William Hill (US),2022-01-08T00:00:00Z,1.91,139.5,1.88,139.5
250,Over,1.92,151.0,Nicholls St Colonels,Texas A&M-CC Islanders,Barstool Sportsbook,2022-01-08T01:30:00Z,1.91,139.5,1.91,139.5
251,Under,1.89,151.0,Nicholls St Colonels,Texas A&M-CC Islanders,Barstool Sportsbook,2022-01-08T01:30:00Z,1.91,139.5,1.91,139.5
252,Over,1.92,151.0,Nicholls St Colonels,Texas A&M-CC Islanders,BetRivers,2022-01-08T01:30:00Z,1.95,140.0,1.91,139.5
253,Under,1.89,151.0,Nicholls St Colonels,Texas A&M-CC Islanders,BetRivers,2022-01-08T01:30:00Z,1.87,140.0,1.91,139.5
254,Over,1.91,150.0,Nicholls St Colonels,Texas A&M-CC Islanders,BetUS,2022-01-08T01:30:00Z,1.91,140.5,1.91,140.0
255,Under,1.91,150.0,Nicholls St Colonels,Texas A&M-CC Islanders,BetUS,2022-01-08T01:30:00Z,1.91,140.5,1.91,140.0
256,Over,1.92,149.5,Nicholls St Colonels,Texas A&M-CC Islanders,GTbets,2022-01-08T01:30:00Z,1.93,140.5,1.91,140.5
257,Under,1.92,149.5,Nicholls St Colonels,Texas A&M-CC Islanders,GTbets,2022-01-08T01:30:00Z,1.89,140.5,1.91,140.5
258,Over,1.92,151.0,Nicholls St Colonels,Texas A&M-CC Islanders,SugarHouse,2022-01-08T01:30:00Z,1.92,139.5,1.93,140.5
259,Under,1.89,151.0,Nicholls St Colonels,Texas A&M-CC Islanders,SugarHouse,2022-01-08T01:30:00Z,1.92,139.5,1.89,140.5
260,Over,1.92,151.0,Nicholls St Colonels,Texas A&M-CC Islanders,TwinSpires,2022-01-08T01:30:00Z,1.91,139.5,1.92,139.5
261,Under,1.89,151.0,Nicholls St Colonels,Texas A&M-CC Islanders,TwinSpires,2022-01-08T01:30:00Z,1.91,139.5,1.92,139.5
262,Over,1.88,151.0,Nicholls St Colonels,Texas A&M-CC Islanders,Unibet,2022-01-08T01:30:00Z,1.93,139.5,1.87,139.5
263,Under,1.86,151.0,Nicholls St Colonels,Texas A&M-CC Islanders,Unibet,2022-01-08T01:30:00Z,1.88,139.5,1.95,139.5
264,Over,1.92,150.5,Northwestern St Demons,Incarnate Word Cardinals,Barstool Sportsbook,2022-01-07T19:30:00Z,1.93,139.5,1.93,139.5
265,Under,1.89,150.5,Northwestern St Demons,Incarnate Word Cardinals,Barstool Sportsbook,2022-01-07T19:30:00Z,1.88,139.5,1.88,139.5
266,Over,1.91,150.5,Northwestern St Demons,Incarnate Word Cardinals,BetMGM,2022-01-07T19:30:00Z,1.89,139.5,1.93,139.5
267,Under,1.91,150.5,Northwestern St Demons,Incarnate Word Cardinals,BetMGM,2022-01-07T19:30:00Z,1.85,139.5,1.88,139.5
268,Over,1.92,150.5,Northwestern St Demons,Incarnate Word Cardinals,BetRivers,2022-01-07T19:30:00Z,1.91,139.5,1.89,139.5
269,Under,1.89,150.5,Northwestern St Demons,Incarnate Word Cardinals,BetRivers,2022-01-07T19:30:00Z,1.91,139.5,1.85,139.5
270,Over,1.91,150.5,Northwestern St Demons,Incarnate Word Cardinals,BetUS,2022-01-07T19:30:00Z,1.91,139.5,1.91,140.0
271,Under,1.91,150.5,Northwestern St Demons,Incarnate Word Cardinals,BetUS,2022-01-07T19:30:00Z,1.91,139.5,1.91,140.0
272,Over,1.91,150.5,Northwestern St Demons,Incarnate Word Cardinals,Bovada,2022-01-07T19:30:00Z,1.92,149.5,1.87,139.5
273,Under,1.91,150.5,Northwestern St Demons,Incarnate Word Cardinals,Bovada,2022-01-07T19:30:00Z,1.89,149.5,1.95,139.5
274,Over,1.87,149.5,Northwestern St Demons,Incarnate Word Cardinals,FanDuel,2022-01-07T19:30:00Z,1.92,149.5,1.92,149.5
275,Under,1.95,149.5,Northwestern St Demons,Incarnate Word Cardinals,FanDuel,2022-01-07T19:30:00Z,1.89,149.5,1.89,149.5
276,Over,1.92,150.5,Northwestern St Demons,Incarnate Word Cardinals,GTbets,2022-01-07T19:30:00Z,1.91,148.0,1.92,149.5
277,Under,1.92,150.5,Northwestern St Demons,Incarnate Word Cardinals,GTbets,2022-01-07T19:30:00Z,1.91,148.0,1.89,149.5
278,Over,1.92,150.5,Northwestern St Demons,Incarnate Word Cardinals,SugarHouse,2022-01-07T19:30:00Z,1.92,148.0,1.91,148.0
279,Under,1.89,150.5,Northwestern St Demons,Incarnate Word Cardinals,SugarHouse,2022-01-07T19:30:00Z,1.92,148.0,1.91,148.0
280,Over,1.92,150.5,Northwestern St Demons,Incarnate Word Cardinals,TwinSpires,2022-01-07T19:30:00Z,1.87,148.0,1.92,148.0
281,Under,1.89,150.5,Northwestern St Demons,Incarnate Word Cardinals,TwinSpires,2022-01-07T19:30:00Z,1.95,148.0,1.92,148.0
282,Over,1.88,150.5,Northwestern St Demons,Incarnate Word Cardinals,Unibet,2022-01-07T19:30:00Z,1.92,149.5,1.91,148.5
283,Under,1.86,150.5,Northwestern St Demons,Incarnate Word Cardinals,Unibet,2022-01-07T19:30:00Z,1.89,149.5,1.91,148.5
284,Over,1.93,136.0,Ohio Bobcats,Kent State Golden Flashes,Barstool Sportsbook,2022-01-07T23:30:00Z,1.92,149.5,1.92,149.5
285,Under,1.88,136.0,Ohio Bobcats,Kent State Golden Flashes,Barstool Sportsbook,2022-01-07T23:30:00Z,1.89,149.5,1.89,149.5
286,Over,1.91,134.5,Ohio Bobcats,Kent State Golden Flashes,BetMGM,2022-01-07T23:30:00Z,1.88,149.5,1.92,149.5
287,Under,1.91,134.5,Ohio Bobcats,Kent State Golden Flashes,BetMGM,2022-01-07T23:30:00Z,1.86,149.5,1.89,149.5
288,Over,1.93,136.0,Ohio Bobcats,Kent State Golden Flashes,BetRivers,2022-01-07T23:30:00Z,1.91,148.0,1.88,149.5
289,Under,1.88,136.0,Ohio Bobcats,Kent State Golden Flashes,BetRivers,2022-01-07T23:30:00Z,1.91,148.0,1.86,149.5
290,Over,1.91,136.0,Ohio Bobcats,Kent State Golden Flashes,BetUS,2022-01-07T23:30:00Z,1.87,148.0,1.91,148.0
291,Under,1.91,136.0,Ohio Bobcats,Kent State Golden Flashes,BetUS,2022-01-07T23:30:00Z,1.95,148.0,1.91,148.0
292,Over,1.87,135.0,Ohio Bobcats,Kent State Golden Flashes,DraftKings,2022-01-07T23:30:00Z,1.92,147.5,1.91,148.5
293,Under,1.95,135.0,Ohio Bobcats,Kent State Golden Flashes,DraftKings,2022-01-07T23:30:00Z,1.89,147.5,1.91,148.5
294,Over,1.91,134.0,Ohio Bobcats,Kent State Golden Flashes,FOX Bet,2022-01-07T23:30:00Z,1.91,147.5,1.92,147.5
295,Under,1.91,134.0,Ohio Bobcats,Kent State Golden Flashes,FOX Bet,2022-01-07T23:30:00Z,1.91,147.5,1.89,147.5
296,Over,1.91,135.5,Ohio Bobcats,Kent State Golden Flashes,FanDuel,2022-01-07T23:30:00Z,1.92,147.5,1.91,146.5
297,Under,1.91,135.5,Ohio Bobcats,Kent State Golden Flashes,FanDuel,2022-01-07T23:30:00Z,1.89,147.5,1.91,146.5
298,Over,1.87,134.5,Ohio Bobcats,Kent State Golden Flashes,PointsBet (US),2022-01-07T23:30:00Z,1.91,147.0,1.92,147.5
299,Under,1.95,134.5,Ohio Bobcats,Kent State Golden Flashes,PointsBet (US),2022-01-07T23:30:00Z,1.91,147.0,1.89,147.5
300,Over,1.93,136.0,Ohio Bobcats,Kent State Golden Flashes,SugarHouse,2022-01-07T23:30:00Z,1.91,147.0,1.91,147.0
301,Under,1.88,136.0,Ohio Bobcats,Kent State Golden Flashes,SugarHouse,2022-01-07T23:30:00Z,1.91,147.0,1.91,147.0
302,Over,1.93,136.0,Ohio Bobcats,Kent State Golden Flashes,TwinSpires,2022-01-07T23:30:00Z,1.94,147.5,1.95,147.0
303,Under,1.88,136.0,Ohio Bobcats,Kent State Golden Flashes,TwinSpires,2022-01-07T23:30:00Z,1.88,147.5,1.87,147.0
304,Over,1.89,136.0,Ohio Bobcats,Kent State Golden Flashes,Unibet,2022-01-07T23:30:00Z,1.92,147.0,1.88,146.5
305,Under,1.85,136.0,Ohio Bobcats,Kent State Golden Flashes,Unibet,2022-01-07T23:30:00Z,1.92,147.0,1.94,146.5
306,Over,1.91,135.5,Ohio Bobcats,Kent State Golden Flashes,William Hill (US),2022-01-07T23:30:00Z,1.87,147.0,1.84,146.5
307,Under,1.91,135.5,Ohio Bobcats,Kent State Golden Flashes,William Hill (US),2022-01-07T23:30:00Z,1.95,147.0,2.01,146.5
308,Over,1.87,134.5,Ohio Bobcats,Kent State Golden Flashes,WynnBET,2022-01-07T23:30:00Z,1.92,147.5,1.95,147.0
309,Under,1.95,134.5,Ohio Bobcats,Kent State Golden Flashes,WynnBET,2022-01-07T23:30:00Z,1.89,147.5,1.87,147.0
310,Over,1.91,157.5,Pennsylvania Quakers,Cornell Big Red,Barstool Sportsbook,2022-01-08T00:00:00Z,1.92,147.5,1.92,147.5
311,Under,1.89,157.5,Pennsylvania Quakers,Cornell Big Red,Barstool Sportsbook,2022-01-08T00:00:00Z,1.89,147.5,1.89,147.5
312,Over,1.91,157.5,Pennsylvania Quakers,Cornell Big Red,BetMGM,2022-01-08T00:00:00Z,1.88,147.5,1.92,147.5
313,Under,1.91,157.5,Pennsylvania Quakers,Cornell Big Red,BetMGM,2022-01-08T00:00:00Z,1.86,147.5,1.89,147.5
314,Over,1.91,157.5,Pennsylvania Quakers,Cornell Big Red,BetRivers,2022-01-08T00:00:00Z,1.91,147.0,1.88,147.5
315,Under,1.89,157.5,Pennsylvania Quakers,Cornell Big Red,BetRivers,2022-01-08T00:00:00Z,1.91,147.0,1.86,147.5
316,Over,1.91,156.5,Pennsylvania Quakers,Cornell Big Red,BetUS,2022-01-08T00:00:00Z,1.87,147.0,1.87,146.5
317,Under,1.91,156.5,Pennsylvania Quakers,Cornell Big Red,BetUS,2022-01-08T00:00:00Z,1.95,147.0,1.95,146.5
318,Over,1.95,157.5,Pennsylvania Quakers,Cornell Big Red,Bovada,2022-01-08T00:00:00Z,1.89,135.0,1.95,147.0
319,Under,1.87,157.5,Pennsylvania Quakers,Cornell Big Red,Bovada,2022-01-08T00:00:00Z,1.93,135.0,1.87,147.0
320,Over,1.91,157.5,Pennsylvania Quakers,Cornell Big Red,DraftKings,2022-01-08T00:00:00Z,1.91,135.5,1.89,135.0
321,Under,1.91,157.5,Pennsylvania Quakers,Cornell Big Red,DraftKings,2022-01-08T00:00:00Z,1.91,135.5,1.93,135.0
322,Over,1.91,157.5,Pennsylvania Quakers,Cornell Big Red,FOX Bet,2022-01-08T00:00:00Z,1.89,135.0,1.91,135.5
323,Under,1.91,157.5,Pennsylvania Quakers,Cornell Big Red,FOX Bet,2022-01-08T00:00:00Z,1.93,135.0,1.91,135.5
324,Over,1.91,157.5,Pennsylvania Quakers,Cornell Big Red,FanDuel,2022-01-08T00:00:00Z,1.91,136.0,1.89,135.0
325,Under,1.91,157.5,Pennsylvania Quakers,Cornell Big Red,FanDuel,2022-01-08T00:00:00Z,1.91,136.0,1.93,135.0
326,Over,1.92,157.5,Pennsylvania Quakers,Cornell Big Red,GTbets,2022-01-08T00:00:00Z,1.91,135.5,1.91,136.0
327,Under,1.92,157.5,Pennsylvania Quakers,Cornell Big Red,GTbets,2022-01-08T00:00:00Z,1.91,135.5,1.91,136.0
328,Over,1.91,157.5,Pennsylvania Quakers,Cornell Big Red,PointsBet (US),2022-01-08T00:00:00Z,1.91,135.0,1.95,135.5
329,Under,1.91,157.5,Pennsylvania Quakers,Cornell Big Red,PointsBet (US),2022-01-08T00:00:00Z,1.91,135.0,1.87,135.5
330,Over,1.91,157.5,Pennsylvania Quakers,Cornell Big Red,SugarHouse,2022-01-08T00:00:00Z,1.85,135.5,1.91,135.0
331,Under,1.89,157.5,Pennsylvania Quakers,Cornell Big Red,SugarHouse,2022-01-08T00:00:00Z,1.96,135.5,1.91,135.0
332,Over,1.91,157.5,Pennsylvania Quakers,Cornell Big Red,TwinSpires,2022-01-08T00:00:00Z,1.91,135.5,1.85,135.5
333,Under,1.89,157.5,Pennsylvania Quakers,Cornell Big Red,TwinSpires,2022-01-08T00:00:00Z,1.91,135.5,1.96,135.5
334,Over,1.88,157.5,Pennsylvania Quakers,Cornell Big Red,Unibet,2022-01-08T00:00:00Z,1.89,135.0,1.91,135.5
335,Under,1.87,157.5,Pennsylvania Quakers,Cornell Big Red,Unibet,2022-01-08T00:00:00Z,1.93,135.0,1.91,135.5
336,Over,1.91,157.5,Pennsylvania Quakers,Cornell Big Red,William Hill (US),2022-01-08T00:00:00Z,1.89,135.0,1.89,135.0
337,Under,1.91,157.5,Pennsylvania Quakers,Cornell Big Red,William Hill (US),2022-01-08T00:00:00Z,1.93,135.0,1.93,135.0
338,Over,1.91,157.5,Pennsylvania Quakers,Cornell Big Red,WynnBET,2022-01-08T00:00:00Z,1.86,135.0,1.89,135.0
339,Under,1.91,157.5,Pennsylvania Quakers,Cornell Big Red,WynnBET,2022-01-08T00:00:00Z,1.89,135.0,1.93,135.0
340,Over,1.91,147.5,Princeton Tigers,Columbia Lions,Barstool Sportsbook,2022-01-08T00:00:00Z,1.91,135.5,1.86,135.0
341,Under,1.91,147.5,Princeton Tigers,Columbia Lions,Barstool Sportsbook,2022-01-08T00:00:00Z,1.91,135.5,1.89,135.0
342,Over,1.91,147.5,Princeton Tigers,Columbia Lions,BetRivers,2022-01-08T00:00:00Z,1.91,135.5,1.91,135.5
343,Under,1.91,147.5,Princeton Tigers,Columbia Lions,BetRivers,2022-01-08T00:00:00Z,1.91,135.5,1.91,135.5
344,Over,1.87,148.0,Princeton Tigers,Columbia Lions,BetUS,2022-01-08T00:00:00Z,1.92,155.5,1.91,135.5
345,Under,1.95,148.0,Princeton Tigers,Columbia Lions,BetUS,2022-01-08T00:00:00Z,1.89,155.5,1.91,135.5
346,Over,1.91,147.5,Princeton Tigers,Columbia Lions,Bovada,2022-01-08T00:00:00Z,1.91,155.5,1.92,155.5
347,Under,1.91,147.5,Princeton Tigers,Columbia Lions,Bovada,2022-01-08T00:00:00Z,1.91,155.5,1.89,155.5
348,Over,1.91,146.5,Princeton Tigers,Columbia Lions,FOX Bet,2022-01-08T00:00:00Z,1.92,155.5,1.91,155.5
349,Under,1.91,146.5,Princeton Tigers,Columbia Lions,FOX Bet,2022-01-08T00:00:00Z,1.89,155.5,1.91,155.5
350,Over,1.92,147.5,Princeton Tigers,Columbia Lions,GTbets,2022-01-08T00:00:00Z,1.91,155.0,1.92,155.5
351,Under,1.92,147.5,Princeton Tigers,Columbia Lions,GTbets,2022-01-08T00:00:00Z,1.91,155.0,1.89,155.5
352,Over,1.91,147.5,Princeton Tigers,Columbia Lions,TwinSpires,2022-01-08T00:00:00Z,1.91,155.5,1.91,155.0
353,Under,1.91,147.5,Princeton Tigers,Columbia Lions,TwinSpires,2022-01-08T00:00:00Z,1.91,155.5,1.91,155.0
354,Over,1.87,147.5,Princeton Tigers,Columbia Lions,Unibet,2022-01-08T00:00:00Z,1.91,155.5,1.91,155.5
355,Under,1.87,147.5,Princeton Tigers,Columbia Lions,Unibet,2022-01-08T00:00:00Z,1.91,155.5,1.91,155.5
356,Over,1.95,147.5,Princeton Tigers,Columbia Lions,WynnBET,2022-01-08T00:00:00Z,1.91,156.0,1.91,155.5
357,Under,1.87,147.5,Princeton Tigers,Columbia Lions,WynnBET,2022-01-08T00:00:00Z,1.91,156.0,1.91,155.5
358,Over,1.88,143.0,Robert Morris Colonials,Cleveland St Vikings,Barstool Sportsbook,2022-01-08T00:00:00Z,1.94,156.5,1.91,156.0
359,Under,1.93,143.0,Robert Morris Colonials,Cleveland St Vikings,Barstool Sportsbook,2022-01-08T00:00:00Z,1.88,156.5,1.91,156.0
360,Over,1.91,143.5,Robert Morris Colonials,Cleveland St Vikings,BetMGM,2022-01-08T00:00:00Z,1.92,155.5,1.94,156.5
361,Under,1.91,143.5,Robert Morris Colonials,Cleveland St Vikings,BetMGM,2022-01-08T00:00:00Z,1.92,155.5,1.88,156.5
362,Over,1.88,143.0,Robert Morris Colonials,Cleveland St Vikings,BetRivers,2022-01-08T00:00:00Z,1.91,155.5,1.92,155.5
363,Under,1.93,143.0,Robert Morris Colonials,Cleveland St Vikings,BetRivers,2022-01-08T00:00:00Z,1.91,155.5,1.92,155.5
364,Over,1.91,143.5,Robert Morris Colonials,Cleveland St Vikings,BetUS,2022-01-08T00:00:00Z,1.92,155.5,1.91,155.5
365,Under,1.91,143.5,Robert Morris Colonials,Cleveland St Vikings,BetUS,2022-01-08T00:00:00Z,1.89,155.5,1.91,155.5
366,Over,1.91,143.5,Robert Morris Colonials,Cleveland St Vikings,DraftKings,2022-01-08T00:00:00Z,1.92,155.5,1.92,155.5
367,Under,1.91,143.5,Robert Morris Colonials,Cleveland St Vikings,DraftKings,2022-01-08T00:00:00Z,1.89,155.5,1.89,155.5
368,Over,1.85,144.0,Robert Morris Colonials,Cleveland St Vikings,FOX Bet,2022-01-08T00:00:00Z,1.88,155.5,1.92,155.5
369,Under,2.0,144.0,Robert Morris Colonials,Cleveland St Vikings,FOX Bet,2022-01-08T00:00:00Z,1.86,155.5,1.89,155.5
370,Over,1.93,144.5,Robert Morris Colonials,Cleveland St Vikings,FanDuel,2022-01-08T00:00:00Z,1.91,155.5,1.88,155.5
371,Under,1.89,144.5,Robert Morris Colonials,Cleveland St Vikings,FanDuel,2022-01-08T00:00:00Z,1.91,155.5,1.86,155.5
372,Over,1.92,143.5,Robert Morris Colonials,Cleveland St Vikings,GTbets,2022-01-08T00:00:00Z,1.91,155.5,1.91,155.5
373,Under,1.92,143.5,Robert Morris Colonials,Cleveland St Vikings,GTbets,2022-01-08T00:00:00Z,1.91,155.5,1.91,155.5
374,Over,1.91,143.5,Robert Morris Colonials,Cleveland St Vikings,PointsBet (US),2022-01-08T00:00:00Z,1.91,147.0,1.91,155.5
375,Under,1.91,143.5,Robert Morris Colonials,Cleveland St Vikings,PointsBet (US),2022-01-08T00:00:00Z,1.92,147.0,1.91,155.5
376,Over,1.88,143.0,Robert Morris Colonials,Cleveland St Vikings,SugarHouse,2022-01-08T00:00:00Z,1.91,147.0,1.91,149.0
377,Under,1.93,143.0,Robert Morris Colonials,Cleveland St Vikings,SugarHouse,2022-01-08T00:00:00Z,1.92,147.0,1.91,149.0
378,Over,1.88,143.0,Robert Morris Colonials,Cleveland St Vikings,TwinSpires,2022-01-08T00:00:00Z,1.91,147.5,1.91,149.0
379,Under,1.93,143.0,Robert Morris Colonials,Cleveland St Vikings,TwinSpires,2022-01-08T00:00:00Z,1.91,147.5,1.91,149.0
380,Over,1.85,143.0,Robert Morris Colonials,Cleveland St Vikings,Unibet,2022-01-08T00:00:00Z,1.87,147.5,1.91,148.5
381,Under,1.9,143.0,Robert Morris Colonials,Cleveland St Vikings,Unibet,2022-01-08T00:00:00Z,1.95,147.5,1.91,148.5
382,Over,1.91,143.5,Robert Morris Colonials,Cleveland St Vikings,William Hill (US),2022-01-08T00:00:00Z,1.91,147.0,1.91,148.5
383,Under,1.91,143.5,Robert Morris Colonials,Cleveland St Vikings,William Hill (US),2022-01-08T00:00:00Z,1.91,147.0,1.91,148.5
384,Over,1.91,143.5,Robert Morris Colonials,Cleveland St Vikings,WynnBET,2022-01-08T00:00:00Z,1.92,147.5,2.0,148.5
385,Under,1.91,143.5,Robert Morris Colonials,Cleveland St Vikings,WynnBET,2022-01-08T00:00:00Z,1.92,147.5,1.85,148.5
386,Over,1.91,149.5,SE Louisiana Lions,Mcneese St Mcneese,BetMGM,2022-01-07T23:00:00Z,1.91,147.0,1.92,148.5
387,Under,1.91,149.5,SE Louisiana Lions,Mcneese St Mcneese,BetMGM,2022-01-07T23:00:00Z,1.92,147.0,1.92,148.5
388,Over,1.91,149.0,SE Louisiana Lions,Mcneese St Mcneese,BetUS,2022-01-07T23:00:00Z,1.87,147.0,1.91,149.0
389,Under,1.91,149.0,SE Louisiana Lions,Mcneese St Mcneese,BetUS,2022-01-07T23:00:00Z,1.87,147.0,1.91,149.0
390,Over,1.91,149.0,SE Louisiana Lions,Mcneese St Mcneese,Bovada,2022-01-07T23:00:00Z,1.91,147.5,1.87,149.0
391,Under,1.91,149.0,SE Louisiana Lions,Mcneese St Mcneese,Bovada,2022-01-07T23:00:00Z,1.91,147.5,1.87,149.0
392,Over,1.87,148.5,SE Louisiana Lions,Mcneese St Mcneese,FanDuel,2022-01-07T23:00:00Z,1.88,143.0,1.91,148.5
393,Under,1.95,148.5,SE Louisiana Lions,Mcneese St Mcneese,FanDuel,2022-01-07T23:00:00Z,1.93,143.0,1.91,148.5
394,Over,1.92,149.0,SE Louisiana Lions,Mcneese St Mcneese,GTbets,2022-01-07T23:00:00Z,1.91,143.5,1.93,141.5
395,Under,1.92,149.0,SE Louisiana Lions,Mcneese St Mcneese,GTbets,2022-01-07T23:00:00Z,1.91,143.5,1.88,141.5
396,Over,1.88,149.5,SE Louisiana Lions,Mcneese St Mcneese,Unibet,2022-01-07T23:00:00Z,1.88,143.0,1.91,141.5
397,Under,1.87,149.5,SE Louisiana Lions,Mcneese St Mcneese,Unibet,2022-01-07T23:00:00Z,1.93,143.0,1.91,141.5
398,Over,1.85,142.0,Youngstown St Penguins,Fort Wayne Mastodons,Unibet,2022-01-08T00:00:00Z,1.91,143.5,1.93,141.5
399,Under,1.89,142.0,Youngstown St Penguins,Fort Wayne Mastodons,Unibet,2022-01-08T00:00:00Z,1.91,143.5,1.88,141.5
400,Over,1.91,142.5,Youngstown St Penguins,Fort Wayne Mastodons,William Hill (US),2022-01-08T00:00:00Z,1.83,142.5,1.91,141.5
401,Under,1.91,142.5,Youngstown St Penguins,Fort Wayne Mastodons,William Hill (US),2022-01-08T00:00:00Z,2.0,142.5,1.91,141.5
402,,,,,,,,1.91,143.5,1.91,141.5
403,,,,,,,,1.91,143.5,1.91,141.5
404,,,,,,,,1.91,143.5,1.85,142.0
405,,,,,,,,1.91,143.5,2.0,142.0
406,,,,,,,,1.92,143.5,1.94,142.5
407,,,,,,,,1.92,143.5,1.88,142.5
408,,,,,,,,1.91,143.5,1.92,141.5
409,,,,,,,,1.91,143.5,1.92,141.5
410,,,,,,,,1.88,143.0,1.91,141.5
411,,,,,,,,1.93,143.0,1.91,141.5
412,,,,,,,,1.88,143.0,1.93,141.5
413,,,,,,,,1.93,143.0,1.88,141.5
414,,,,,,,,1.85,143.0,1.93,141.5
415,,,,,,,,1.9,143.0,1.88,141.5
416,,,,,,,,1.91,143.5,1.89,141.5
417,,,,,,,,1.91,143.5,1.85,141.5
418,,,,,,,,1.91,143.5,1.91,141.5
419,,,,,,,,1.91,143.5,1.91,141.5
420,,,,,,,,1.91,149.5,1.91,141.5
421,,,,,,,,1.91,149.5,1.91,141.5
422,,,,,,,,1.91,149.0,1.91,148.5
423,,,,,,,,1.91,149.0,1.91,148.5
424,,,,,,,,1.91,149.0,1.91,148.5
425,,,,,,,,1.91,149.0,1.91,148.5
426,,,,,,,,1.87,148.5,1.91,149.0
427,,,,,,,,1.95,148.5,1.91,149.0
428,,,,,,,,1.92,149.0,1.87,148.5
429,,,,,,,,1.92,149.0,1.95,148.5
430,,,,,,,,1.91,149.0,1.92,148.5
431,,,,,,,,1.91,149.0,1.92,148.5
432,,,,,,,,1.88,148.5,1.91,149.0
433,,,,,,,,1.87,148.5,1.91,149.0
434,,,,,,,,1.91,149.0,1.88,148.5
435,,,,,,,,1.91,149.0,1.87,148.5
436,,,,,,,,1.89,142.5,1.91,148.5
437,,,,,,,,1.85,142.5,1.91,148.5
438,,,,,,,,1.91,142.5,1.91,149.0
439,,,,,,,,1.91,142.5,1.91,149.0
440,,,,,,,,,,1.89,142.5
441,,,,,,,,,,1.85,142.5
442,,,,,,,,,,1.91,142.5
443,,,,,,,,,,1.91,142.5
